Company Name,Website,City,Employees,Owner,List Source
Northgate Roofing Ltd,https://www.northgate-roofing.co.uk,Southampton,161,Nina Bell,Chamber list
Ravenspath Print Group,http://ravenspathprint.com/,Leeds,139,Marcus Bright,Chamber list
Atlaswick Insurance Brokers Inc,https://atlaswickinsurance.com/contact-us,Boston,384,Ellie Marsh,LinkedIn scrape
Upton Garden Centre Inc,uptongarden.com,Cardiff,247,Owen Pryce,Trade show 2026
Tarnbrookstead Groundworks Ltd, tarnbrooksteadgroundworks.com ,Glasgow,20,Ellie Marsh,Chamber list
Redlandmere Removals Ltd, redlandmereremovals.com ,Boston,51,Priya Raman,Referral
Jarrowcrest Roofing Limited,http://jarrowcrestroofing.co.uk/,Leeds,33,Tom Alderton,Trade show 2026
Jarrowfield Studio Ltd,https://jarrowfieldstudio.com/contact-us,Leeds,107,Tom Alderton,LinkedIn scrape
Pinnacle Scaffolding Ltd,https://www.pinnacle-scaffolding.co.uk,Dublin,276,Priya Raman,Chamber list
Pennineholt Electrical LLP,pennineholtelectrical.co.uk,Nottingham,34,Priya Raman,Chamber list
Valleywood HVAC Ltd,www.valleywoodhvac.co.uk,Manchester,47,Hana Sato,Inbound
Crestline HVAC,https://crestlinehvac.com/contact-us,Glasgow,95,Priya Raman,LinkedIn scrape
Quarrywood Scaffolding,www.quarrywoodscaffolding.co.uk,Glasgow,384,Tom Alderton,Chamber list
Ludlow Catering Limited,http://ludlowcatering.co.uk/,Cardiff,178,Ellie Marsh,Inbound
Kelsey Interiors Inc,kelseyinteriors.co.uk,Toronto,263,Ellie Marsh,Trade show 2026
Grangerbridge Cleaning Services & Co,grangerbridgecleaningservices.com,Denver,364,Priya Raman,Trade show 2026
Shelbywood Signage LLP,www.shelbywoodsignage.co.uk,Phoenix,184,Dan Kovacs,LinkedIn scrape
Dunmoremere Physiotherapy Inc, dunmoremerephysio.co.uk ,Dublin,373,Owen Pryce,Chamber list
Westmoorridge Flooring Ltd,westmoorridgeflooring.com,Birmingham,247,Dan Kovacs,Inbound
Westmoorcrest Kitchens Group,westmoorcrestkitchens.com,Birmingham,150,Dan Kovacs,Chamber list
Penninegate Signage LLP,https://www.penninegatesignage.com,Toronto,176,Grace Osei,Trade show 2026
Ludlowmere Scaffolding Limited,https://www.ludlowmerescaffolding.com,Sheffield,294,Tom Alderton,Trade show 2026
Atlasfield Dental Ltd,atlasfielddental.co.uk,Sheffield,97,Grace Osei,Referral
Newfordford Plant Hire Ltd,newfordfordplanthire.com,Leeds,373,Dan Kovacs,Chamber list
Ivywoodmere Electrical Ltd,https://www.ivywoodmereelectrical.co.uk,Cardiff,319,Sam Wheeler,Inbound
Fenline Physiotherapy Limited,fenlinephysio.co.uk,Leeds,214,Ellie Marsh,Chamber list
Pinnacleholt Cleaning Services Ltd,pinnacleholtcleaningservices.co.uk,Austin,260,Priya Raman,Chamber list
Quietholt Insurance Brokers & Co,https://www.quietholtinsurance.com,Portland,278,Hana Sato,Chamber list
Westmoorridge Roofing Ltd,https://www.westmoorridgeroofing.co.uk,Toronto,92,Sam Wheeler,Referral
Westmoorcrest Kitchens Group,https://westmoorcrestkitchens.com/contact-us,Charlotte,179,Ellie Marsh,LinkedIn scrape
Valley Home Care,valleyhomecare.com,Cardiff,232,Ellie Marsh,Chamber list
Kelsey Physiotherapy Ltd,kelseyphysio.com,Nottingham,396,Sam Wheeler,Referral
Trentham Plumbing,https://www.trenthamplumbing.co.uk,Boston,311,Hana Sato,Trade show 2026
Cloverwick Veterinary,https://www.CLOVERWICKVETS.CO.UK/services?utm_source=list,Austin,170,Ellie Marsh,Inbound
Shelbycrest Print Inc,https://www.SHELBYCRESTPRINT.CO.UK/services?utm_source=list,Boston,300,Marcus Bright,Referral
Tarnbrookwick Security Limited,https://www.TARNBROOKWICKSECURITY.CO.UK/services?utm_source=list,Manchester,126,Tom Alderton,Chamber list
Fenford Landscaping Group,https://fenfordlandscaping.com/contact-us,Boston,238,Grace Osei,Chamber list
Ashwood Accountants Group,https://www.ashwoodaccountants.com,Toronto,335,Ellie Marsh,Inbound
Kingsholt Removals Limited,kingsholtremovals.com,Vancouver,169,Sam Wheeler,LinkedIn scrape
Quietford Fit Out & Co,https://www.quietfordfitout.com,Austin,285,Priya Raman,LinkedIn scrape
Northridge Insurance Brokers LLP,https://northridgeinsurance.co.uk/contact-us,Portland,67,Hana Sato,Referral
Cloverpath Removals Ltd,https://www.cloverpathremovals.com,Birmingham,369,Ellie Marsh,Chamber list
Ravensview HVAC Group,www.ravensviewhvac.com,Charlotte,258,Sam Wheeler,Chamber list
Jarrowford Plant Hire,https://www.jarrowfordplanthire.co.uk,Phoenix,70,Dan Kovacs,Inbound
Ashbridge Fit Out & Co, ashbridgefitout.co.uk ,Phoenix,396,Ellie Marsh,Chamber list
Kelseywood Dental Inc,https://www.kelseywooddental.co.uk,Phoenix,326,Grace Osei,Trade show 2026
Elmbridge Windows Limited,https://www.elmbridgewindows.co.uk,Sheffield,127,Priya Raman,Referral
Penninewood Garden Centre & Co,penninewoodgarden.com,Sheffield,235,Sam Wheeler,Chamber list
Harbourholt Electrical LLP,http://harbourholtelectrical.com/,Glasgow,398,Sam Wheeler,LinkedIn scrape
Harbourview Accountants LLP,harbourviewaccountants.co.uk,Belfast,57,Dan Kovacs,LinkedIn scrape
Atlasfield Accountants LLP,www.atlasfieldaccountants.co.uk,Manchester,190,Hana Sato,Chamber list
Everlycrest Veterinary Ltd,https://www.everlycrestvets.com,Portland,253,Tom Alderton,Referral
Kestrel Logistics Inc,https://www.kestrellogistics.com,Cardiff,304,Dan Kovacs,Inbound
Ashmere Garden Centre Group,https://www.ashmeregarden.com,Sheffield,34,Grace Osei,Referral
Yarrowwood Legal Group,https://www.YARROWWOODLEGAL.COM/services?utm_source=list,Glasgow,8,Hana Sato,Trade show 2026
Woldmere Dental, woldmeredental.com ,Nottingham,44,Priya Raman,Trade show 2026
Fenfield Signage & Co,https://fenfieldsignage.co.uk/contact-us,Bristol,293,Marcus Bright,Referral
Elmmere Logistics Ltd,www.elmmerelogistics.com,Nottingham,177,Tom Alderton,Referral
Harbourwick Packaging Group,https://www.harbourwickpackaging.com,Cardiff,46,Tom Alderton,LinkedIn scrape
Atlas Cleaning Services,atlascleaningservices.com,Southampton,339,Marcus Bright,LinkedIn scrape
Fairholmbridge Veterinary Ltd,https://www.fairholmbridgevets.co.uk,Denver,96,Grace Osei,Referral
Rowan Tree Care,info@rowantreecare.co.uk,Dublin,76,Nina Bell,Inbound
Ravensline Windows LLP,ravenslinewindows.co.uk,Glasgow,169,Dan Kovacs,Chamber list
Ivywood HVAC Ltd,ivywoodhvac.co.uk,Boston,402,Grace Osei,Chamber list
Elmstead Flooring LLP,https://elmsteadflooring.com/contact-us,Phoenix,90,Ellie Marsh,Inbound
Harbourmere Cleaning Services Limited,harbourmerecleaningservices.com,Belfast,165,Ellie Marsh,Trade show 2026
Ashbridge Garden Centre Ltd,http://ashbridgegarden.co.uk/,Glasgow,260,Ellie Marsh,Referral
Pinnaclemere Kitchens Ltd,https://www.PINNACLEMEREKITCHENS.COM/services?utm_source=list,Nottingham,242,Hana Sato,LinkedIn scrape
Dunmorebridge Insurance Brokers LLP,http://dunmorebridgeinsurance.com/,Leeds,389,Ellie Marsh,Trade show 2026
Merrowwood Landscaping Inc,http://merrowwoodlandscaping.com/,Toronto,210,Marcus Bright,Inbound
Ashmere Garden Centre Group, ashmeregarden.com ,Dublin,29,Nina Bell,LinkedIn scrape
Uptonwood Home Care Group,https://www.uptonwoodhomecare.com,Nottingham,266,Priya Raman,LinkedIn scrape
Grangermere Home Care,grangermerehomecare.com,Denver,317,Marcus Bright,Chamber list
Grangerstead Insurance Brokers Inc,https://www.grangersteadinsurance.com,Cardiff,143,Ellie Marsh,LinkedIn scrape
Orchardholt Flooring Ltd,https://www.ORCHARDHOLTFLOORING.COM/services?utm_source=list,Austin,334,Ellie Marsh,Trade show 2026
Cobb & Sons,coming soon,Birmingham,222,Priya Raman,Trade show 2026
Penninemere Electrical & Co,https://www.penninemereelectrical.co.uk,Phoenix,67,Grace Osei,Inbound
Harbourbridge Studio Ltd,harbourbridgestudio.co.uk,Bristol,251,Ellie Marsh,Inbound
Quietwood Groundworks Inc,https://quietwoodgroundworks.co.uk/contact-us,Toronto,135,Owen Pryce,Inbound
Ravenswood Garden Centre,ravenswoodgarden.com,Southampton,24,Owen Pryce,Trade show 2026
Ivywoodfield Security Inc,www.ivywoodfieldsecurity.co.uk,Cardiff,281,Priya Raman,Referral
Jarrowridge Print Ltd,https://jarrowridgeprint.com/contact-us,Austin,396,Marcus Bright,Trade show 2026
Penninebridge Physiotherapy LLP, penninebridgephysio.co.uk ,Charlotte,213,Ellie Marsh,Trade show 2026
Kelsey Physiotherapy Ltd,kelseyphysio.com,Manchester,51,Nina Bell,Trade show 2026
Quietfield Windows,https://www.quietfieldwindows.com,Denver,86,Sam Wheeler,Trade show 2026
Quietpath Packaging LLP,quietpathpackaging.co.uk,Charlotte,293,Tom Alderton,Referral
Yarrowmere Security Ltd,https://www.yarrowmeresecurity.com,Birmingham,369,Grace Osei,Trade show 2026
Stonewick Removals Ltd,http://stonewickremovals.com/,Portland,302,Marcus Bright,LinkedIn scrape
Quarrywood Security & Co,http://quarrywoodsecurity.com/,Nottingham,67,Ellie Marsh,Trade show 2026
Ludlowview Landscaping Group, ludlowviewlandscaping.co.uk ,Belfast,162,Tom Alderton,LinkedIn scrape
Quarrypath Groundworks Ltd,http://quarrypathgroundworks.com/,Newcastle,291,Grace Osei,LinkedIn scrape
Valleygate Logistics Ltd,http://valleygatelogistics.co.uk/,Birmingham,24,Sam Wheeler,Chamber list
Stonegate Packaging Ltd, stonegatepackaging.co.uk ,Dublin,127,Grace Osei,LinkedIn scrape
Atlasmere Removals Inc,https://atlasmereremovals.com/contact-us,Manchester,321,Nina Bell,LinkedIn scrape
Verityridge Fit Out Group,www.verityridgefitout.co.uk,Nottingham,304,Nina Bell,Trade show 2026
Quietfield Windows,http://quietfieldwindows.com/,Southampton,312,Priya Raman,Referral
Yarrowline Security LLP,yarrowlinesecurity.co.uk,Nottingham,213,Sam Wheeler,Inbound
Fenline Kitchens LLP,https://fenlinekitchens.com/contact-us,Nottingham,36,Nina Bell,Chamber list
Quiet Fox Studio,https://www.quietfoxstudio.co.uk,Glasgow,370,Ellie Marsh,LinkedIn scrape
Redlandbridge Flooring Ltd,https://www.REDLANDBRIDGEFLOORING.COM/services?utm_source=list,Birmingham,130,Owen Pryce,Trade show 2026
Quarrywood Scaffolding,https://www.quarrywoodscaffolding.co.uk,Boston,194,Dan Kovacs,LinkedIn scrape
Ravenspath Print Group,http://ravenspathprint.com/,Leeds,56,Ellie Marsh,Trade show 2026
Dunmorewood Recruitment Ltd,https://www.dunmorewoodrecruitment.co.uk,Denver,117,Tom Alderton,Inbound
Stonebridge Legal,https://www.stonebridgelegal.co.uk,Charlotte,315,Grace Osei,Chamber list
Elmholt Groundworks Group,https://www.elmholtgroundworks.co.uk,Glasgow,53,Priya Raman,Trade show 2026
Atlasmere Signage,https://www.ATLASMERESIGNAGE.CO.UK/services?utm_source=list,Birmingham,42,Ellie Marsh,Inbound
Jarrowfield Studio Ltd,http://jarrowfieldstudio.com/,Bristol,105,Ellie Marsh,Inbound
Marlowford Dental Ltd,https://www.marlowforddental.co.uk,Dublin,269,Priya Raman,LinkedIn scrape
Jarrowstead Landscaping & Co,https://www.JARROWSTEADLANDSCAPING.CO.UK/services?utm_source=list,Leeds,349,Dan Kovacs,Trade show 2026
Kingsfield Roofing,https://www.kingsfieldroofing.com,Denver,271,Ellie Marsh,Chamber list
Fenholt Windows LLP,https://www.fenholtwindows.com,Sheffield,311,Nina Bell,Chamber list
Oakleyfield Catering Inc, oakleyfieldcatering.co.uk ,Cardiff,83,Dan Kovacs,Referral
Halden & Moor Consulting,n/a,Manchester,211,Ellie Marsh,Chamber list
Hollowview Packaging & Co,https://www.hollowviewpackaging.co.uk,Birmingham,388,Dan Kovacs,Referral
Yarrowmere Security Ltd,yarrowmeresecurity.com,Sheffield,48,Nina Bell,Trade show 2026
Barrowbridge Logistics,http://barrowbridgelogistics.com/,Bristol,248,Dan Kovacs,LinkedIn scrape
Pallister Freight,,Toronto,60,Dan Kovacs,Trade show 2026
Newfordline Scaffolding Group,http://newfordlinescaffolding.co.uk/,Birmingham,367,Owen Pryce,Trade show 2026
Tarnbrook Groundworks,tarnbrookgroundworks.com,Portland,98,Owen Pryce,Trade show 2026
Atlaswick Packaging,atlaswickpackaging.com,Boston,137,Nina Bell,Trade show 2026
Orchard Insurance Brokers Limited,https://www.orchardinsurance.co.uk,Austin,381,Dan Kovacs,Trade show 2026
Barrowbridge Studio,barrowbridgestudio.com,Bristol,340,Grace Osei,Referral
Veritybridge Insurance Brokers,https://www.veritybridgeinsurance.co.uk,Glasgow,29,Ellie Marsh,Inbound
Fengate Security Ltd,http://fengatesecurity.co.uk/,Charlotte,76,Owen Pryce,LinkedIn scrape
Northmere Physiotherapy & Co,www.northmerephysio.co.uk,Charlotte,177,Grace Osei,Trade show 2026
Jarrowpath Studio Group,https://www.jarrowpathstudio.com,Cardiff,102,Dan Kovacs,Referral
Ash Dental LLP,ashdental.com,Nottingham,274,Dan Kovacs,Chamber list
Kings Plant Hire LLP,www.kingsplanthire.co.uk,Cardiff,145,Ellie Marsh,Trade show 2026
Meridian Fit Out Group,https://www.MERIDIANFITOUT.COM/services?utm_source=list,Boston,202,Dan Kovacs,Chamber list
Grangerline Groundworks Group,https://www.GRANGERLINEGROUNDWORKS.COM/services?utm_source=list,Charlotte,182,Grace Osei,Referral
Penninewood Landscaping Ltd,https://www.PENNINEWOODLANDSCAPING.CO.UK/services?utm_source=list,Bristol,368,Hana Sato,Inbound
Quietcrest Kitchens Group,quietcrestkitchens.co.uk,Vancouver,287,Nina Bell,LinkedIn scrape
Brightpath Dental,brightpath-dental.co.uk,Dublin,280,Priya Raman,Trade show 2026
Northwick Print,http://northwickprint.co.uk/,Vancouver,69,Sam Wheeler,Referral
Newfordcrest Flooring,newfordcrestflooring.co.uk,Austin,82,Nina Bell,Trade show 2026
Valleycrest Kitchens & Co,https://www.valleycrestkitchens.co.uk,Southampton,122,Hana Sato,LinkedIn scrape
Shelbyview Security Limited,https://www.shelbyviewsecurity.com,Belfast,9,Priya Raman,Trade show 2026
Orchard Packaging Ltd,https://www.orchardpackaging.co.uk,Manchester,223,Marcus Bright,Chamber list
Fenwick Interiors,http://fenwickinteriors.co.uk/,Glasgow,292,Ellie Marsh,LinkedIn scrape
Marlowmere Kitchens Inc,https://www.MARLOWMEREKITCHENS.CO.UK/services?utm_source=list,Vancouver,161,Hana Sato,Trade show 2026
Elmfield Kitchens Group,https://www.elmfieldkitchens.com,Austin,289,Marcus Bright,Chamber list
Penninebridge Physiotherapy LLP,https://www.PENNINEBRIDGEPHYSIO.CO.UK/services?utm_source=list,Vancouver,134,Sam Wheeler,Trade show 2026
Yarrow Removals Limited,http://yarrowremovals.co.uk/,Austin,253,Sam Wheeler,Inbound
Crestcrest Physiotherapy Group, crestcrestphysio.co.uk ,Austin,29,Dan Kovacs,Inbound
Pennineridge Landscaping Ltd,https://www.pennineridgelandscaping.co.uk,Portland,311,Nina Bell,Trade show 2026
Everlyline Interiors Inc,www.everlylineinteriors.co.uk,Belfast,96,Tom Alderton,LinkedIn scrape
Valley Landscaping LLP,valleylandscaping.com,Bristol,191,Hana Sato,LinkedIn scrape
Uptonholt Removals,https://www.uptonholtremovals.com,Southampton,58,Owen Pryce,Chamber list
Everlycrest Electrical Ltd,everlycrestelectrical.co.uk,Denver,396,Priya Raman,LinkedIn scrape
Cloverview Landscaping Inc,www.cloverviewlandscaping.com,Portland,391,Sam Wheeler,Trade show 2026
Kelseymere Catering Limited,http://kelseymerecatering.com/,Birmingham,348,Owen Pryce,LinkedIn scrape
Stonemere Landscaping Inc,https://www.stonemerelandscaping.co.uk,Southampton,78,Nina Bell,Chamber list
Jarrowmere Flooring Ltd,jarrowmereflooring.co.uk,Sheffield,380,Tom Alderton,Referral
Harbourcrest Dental LLP,harbourcrestdental.com,Birmingham,126,Ellie Marsh,LinkedIn scrape
Fen Garden Centre Group,https://www.fengarden.com,Belfast,294,Tom Alderton,LinkedIn scrape
Dunmorewood Dental Ltd,dunmorewooddental.com,Bristol,211,Sam Wheeler,Chamber list
Tarnbrookwick Security Limited,https://tarnbrookwicksecurity.co.uk/contact-us,Dublin,229,Marcus Bright,Chamber list
Shelbycrest Accountants Inc,http://shelbycrestaccountants.com/,Belfast,61,Ellie Marsh,Inbound
Kelseyridge Security LLP,kelseyridgesecurity.com,Boston,137,Priya Raman,Referral
Elmbridge Print Ltd,elmbridgeprint.com,Southampton,402,Marcus Bright,Referral
Verityford Veterinary Inc,www.verityfordvets.co.uk,Boston,388,Sam Wheeler,Inbound
Lockwood Fabrication,https://www.lockwoodfabrication.co.uk,Boston,183,Priya Raman,Inbound
Uptonbridge Cleaning Services Ltd,https://uptonbridgecleaningservices.com/contact-us,Manchester,242,Priya Raman,Inbound
Stonecrest Flooring & Co,https://www.stonecrestflooring.co.uk,Charlotte,349,Sam Wheeler,LinkedIn scrape
Tarnbrook Kitchens Inc,https://www.tarnbrookkitchens.co.uk,Portland,361,Priya Raman,Chamber list
Elmholt Flooring & Co,http://elmholtflooring.co.uk/,Southampton,378,Marcus Bright,Trade show 2026
Crestfield Recruitment Limited,http://crestfieldrecruitment.co.uk/,Phoenix,397,Grace Osei,Trade show 2026
Dunmorepath Electrical & Co,dunmorepathelectrical.co.uk,Belfast,275,Hana Sato,Inbound
Yarrowview Roofing Group,https://www.YARROWVIEWROOFING.COM/services?utm_source=list,Glasgow,159,Grace Osei,Referral
Yarrow Accountants,https://www.yarrowaccountants.co.uk,Glasgow,22,Ellie Marsh,Inbound
Northmere Physiotherapy & Co,www.northmerephysio.co.uk,Glasgow,77,Nina Bell,Chamber list
Fairholmline Insurance Brokers & Co,https://www.fairholmlineinsurance.com,Denver,174,Nina Bell,LinkedIn scrape
Ashholt Cleaning Services & Co,https://www.ashholtcleaningservices.com,Southampton,202,Dan Kovacs,Referral
Ravensfield HVAC,https://www.RAVENSFIELDHVAC.CO.UK/services?utm_source=list,Bristol,167,Tom Alderton,Inbound
Marlowmere Catering Limited,marlowmerecatering.com,Austin,98,Grace Osei,Referral
Northwick Legal Limited,northwicklegal.com,Sheffield,103,Marcus Bright,Trade show 2026
Marlow Catering LLP,marlowcatering.com,Nottingham,26,Ellie Marsh,Chamber list
Marlowholt Insurance Brokers,https://www.MARLOWHOLTINSURANCE.COM/services?utm_source=list,Manchester,134,Marcus Bright,Referral
Tarnbrookmere Catering Ltd,https://www.tarnbrookmerecatering.co.uk,Denver,133,Sam Wheeler,Inbound
Sable Court Hotels,www.sablecourthotels.com,Portland,300,Dan Kovacs,Trade show 2026
Ludlowline Roofing Inc,ludlowlineroofing.co.uk,Birmingham,198,Tom Alderton,LinkedIn scrape
Stoneford Scaffolding,stonefordscaffolding.com,Denver,348,Owen Pryce,Trade show 2026
Woldridge Accountants LLP,https://www.woldridgeaccountants.co.uk,Nottingham,318,Dan Kovacs,Trade show 2026
Dunmorebridge HVAC Group,https://www.dunmorebridgehvac.com,Sheffield,80,Tom Alderton,Trade show 2026
Harbourcrest Flooring Inc,https://www.harbourcrestflooring.com,Dublin,125,Ellie Marsh,Trade show 2026
Valleycrest Kitchens & Co,https://www.VALLEYCRESTKITCHENS.CO.UK/services?utm_source=list,Nottingham,279,Tom Alderton,LinkedIn scrape
Pinnacle Scaffolding Ltd,www.pinnacle-scaffolding.co.uk,Glasgow,289,Grace Osei,Inbound
Yarrow Logistics & Co,http://yarrowlogistics.com/,Nottingham,287,Hana Sato,Chamber list
Stonemere Landscaping Inc,https://www.stonemerelandscaping.co.uk,Birmingham,135,Nina Bell,Chamber list
Everlyline Flooring & Co,http://everlylineflooring.co.uk/,Dublin,67,Owen Pryce,Chamber list
Penninefield Recruitment LLP,https://www.penninefieldrecruitment.com,Toronto,177,Tom Alderton,LinkedIn scrape
Tarnbrook Groundworks,https://www.tarnbrookgroundworks.com,Boston,350,Grace Osei,Trade show 2026
Westmoorridge Roofing Ltd,westmoorridgeroofing.co.uk,Vancouver,55,Dan Kovacs,Trade show 2026
Verity Flooring Ltd,https://verityflooring.com/contact-us,Bristol,167,Ellie Marsh,LinkedIn scrape
Elmmere Home Care Group,http://elmmerehomecare.com/,Belfast,119,Tom Alderton,Trade show 2026
Northpath Print & Co,northpathprint.co.uk,Denver,267,Owen Pryce,Trade show 2026
Atlaswood Groundworks Group,https://www.atlaswoodgroundworks.co.uk,Cardiff,334,Owen Pryce,Inbound
Kelseyridge Kitchens Ltd,https://kelseyridgekitchens.co.uk/contact-us,Belfast,23,Tom Alderton,Chamber list
Merrowwood Packaging & Co,www.merrowwoodpackaging.com,Manchester,347,Marcus Bright,Chamber list
Northwood Roofing Ltd,https://northwoodroofing.co.uk/contact-us,Cardiff,302,Tom Alderton,Inbound
Brightridge Veterinary LLP,brightridgevets.com,Austin,384,Tom Alderton,Inbound
Northford Print Ltd,northfordprint.co.uk,Sheffield,286,Priya Raman,Referral
Crest Insurance Brokers Limited,https://crestinsurance.co.uk/contact-us,Newcastle,394,Nina Bell,Referral
Kingswood Recruitment,kingswoodrecruitment.co.uk,Manchester,283,Priya Raman,Trade show 2026
Merrowview Removals LLP,www.merrowviewremovals.co.uk,Toronto,361,Marcus Bright,Inbound
Jarrowridge Print Ltd,jarrowridgeprint.com,Nottingham,193,Sam Wheeler,Inbound
Orchardholt Flooring Ltd,https://www.ORCHARDHOLTFLOORING.COM/services?utm_source=list,Southampton,321,Sam Wheeler,Chamber list
Redlandfield HVAC Ltd,redlandfieldhvac.com,Manchester,109,Priya Raman,Referral
Kingsridge Print Ltd,kingsridgeprint.com,Denver,344,Nina Bell,Trade show 2026
Quarryfield Electrical Ltd,https://www.quarryfieldelectrical.com,Belfast,33,Grace Osei,Chamber list
Grangerview Physiotherapy,https://www.grangerviewphysio.co.uk,Nottingham,201,Ellie Marsh,Trade show 2026
Pinnacleridge Scaffolding LLP,https://www.pinnacleridgescaffolding.co.uk,Belfast,238,Priya Raman,Referral
Redlandmere Fit Out Ltd,https://www.redlandmerefitout.co.uk,Portland,393,Nina Bell,Inbound
Cloverford Studio Inc,cloverfordstudio.co.uk,Toronto,125,Ellie Marsh,Inbound
Fairholmpath Logistics Ltd,https://www.FAIRHOLMPATHLOGISTICS.COM/services?utm_source=list,Belfast,67,Nina Bell,Chamber list
Ashholt Recruitment,ashholtrecruitment.com,Dublin,326,Dan Kovacs,Chamber list
Atlas Physiotherapy Limited,http://atlasphysio.co.uk/,Charlotte,294,Dan Kovacs,Referral
Elmstead Veterinary,http://elmsteadvets.co.uk/,Denver,204,Hana Sato,Trade show 2026